id,tags_id,notes_id
3,4,2
4,3,3
5,4,4
6,1,5
7,4,6
8,4,7
9,3,8
10,4,9
11,1,10
12,1,11
13,3,12
14,1,13
15,2,14
16,1,15
17,1,16
18,3,17
19,1,18
20,4,19
21,3,20
22,3,21
23,3,22
24,2,23
25,3,24
26,2,25
27,1,26
28,4,27
29,1,28
30,1,29
31,2,30
32,4,31
33,3,32
34,2,33
35,4,34
36,3,35
37,1,36
38,1,37
39,2,38
40,4,39
41,1,40
42,2,41
43,1,42
44,1,43
45,4,44
46,4,45
47,1,46
48,3,47
49,4,48
50,2,49
51,1,50
52,1,51
53,1,52
54,2,53
55,4,54
56,1,55
57,1,56
58,3,57
59,4,58
60,1,59
61,3,60
62,2,61
63,2,62
64,4,63
65,1,64
66,4,65
67,1,66
68,3,67
69,4,68
70,1,69
71,2,70
72,2,71
73,2,72
74,2,73
75,2,74
76,2,75
77,1,76
78,4,77
79,1,78
80,3,79
81,4,80
82,1,81
83,1,82
84,3,83
85,1,84
86,4,85
87,1,86
88,4,87
89,3,88
90,3,89
91,4,90
92,3,91
93,2,92
94,2,93
95,2,94
96,3,95
97,1,96
98,2,97
99,2,98
100,3,99
101,2,100
102,1,101
103,2,102
104,2,103
105,2,104
106,3,105
107,3,106
108,4,107
109,3,108
110,4,109
111,3,110
112,3,111
113,1,112
114,3,113
115,2,114
116,4,115
117,4,116
118,4,117
119,2,118
120,3,119
121,3,120
122,3,121
123,1,122
124,3,123
125,2,124
126,3,125
127,2,126
128,2,127
129,2,128
130,2,129
131,3,130
132,3,131
133,4,132
134,4,133
135,4,134
136,2,135
137,2,136
138,3,137
139,3,138
140,3,139
141,2,140
142,2,141
143,2,142
144,3,143
145,2,144
146,2,145
147,2,146
148,3,147
149,1,148
150,2,149
151,3,150
152,1,151
153,1,152
154,1,153
155,3,154
156,4,155
157,2,156
158,2,157
159,3,158
160,4,159
161,1,160
162,3,161
163,1,162
164,1,163
165,3,164
166,1,165
167,2,166
168,2,167
169,1,168
170,2,169
171,3,170
172,4,171
173,2,172
174,1,173
175,2,174
176,2,175
177,3,176
178,4,177
179,3,178
180,2,179
181,2,180
182,1,181
183,3,182
184,3,183
185,2,184
186,1,185
187,1,186
188,2,187
189,1,188
190,2,189
191,2,190
192,1,191
193,4,192
194,3,193
195,2,194
196,4,195
197,3,196
198,3,197
199,3,198
200,4,199
201,1,200
202,4,201
203,3,202
204,3,203
205,1,204
206,4,205
207,1,206
208,4,207
209,2,208
210,1,209
211,1,210
212,1,211
213,2,212
214,2,213
215,1,214
216,1,215
217,1,216
218,4,217
219,4,218
220,4,219
221,2,220
222,3,221
223,4,222
224,4,223
225,4,224
226,3,225
227,1,226
228,2,227
229,2,228
230,3,229
231,2,230
232,3,231
233,2,232
234,4,233
235,1,234
236,3,235
237,1,236
238,3,237
239,3,238
240,2,239
241,3,240
242,4,241
243,2,242
244,3,243
245,2,244
246,1,245
247,4,246
248,4,247
249,4,248
250,3,249
251,2,250
252,3,251
253,4,252
254,2,253
255,3,254
256,4,255
257,2,256
258,2,257
259,2,258
260,1,259
261,3,260
262,4,261
263,1,262
264,4,263
265,2,264
266,1,265
267,2,266
268,2,267
269,1,268
270,3,269
271,1,270
272,2,271
273,4,272
274,2,273
275,3,274
276,4,275
277,1,276
278,3,277
279,4,278
280,3,279
281,2,280
282,2,281
283,3,282
284,2,283
285,4,284
286,1,285
287,2,286
288,1,287
289,2,288
290,1,289
291,3,290
292,1,291
293,2,292
294,2,293
295,2,294
296,3,295
297,1,296
298,3,297
299,4,298
300,2,299
301,4,300
302,3,301
303,2,302
304,1,303
305,3,304
306,1,305
307,2,306
308,2,307
309,2,308
310,4,309
311,1,310
312,4,311
313,3,312
314,4,313
315,2,314
316,4,315
317,2,316
318,1,317
319,4,318
320,4,319
321,1,320
322,3,321
323,1,322
324,1,323
325,2,324
326,3,325
327,3,326
328,4,327
329,1,328
330,1,329
331,1,330
332,3,331
333,2,332
334,4,333
335,4,334
336,2,335
337,4,336
338,1,337
339,1,338
340,1,339
341,2,340
342,4,341
343,2,342
344,1,343
345,1,344
346,2,345
347,4,346
348,2,347
349,2,348
350,2,349
351,4,350
352,1,351
353,2,352
354,4,353
355,2,354
356,2,355
357,2,356
358,2,357
359,3,358
360,2,359
361,1,360
362,3,361
363,2,362
364,4,363
365,3,364
366,1,365
367,2,366
368,2,367
369,1,368
370,1,369
371,1,370
372,2,371
373,2,372
374,4,373
375,3,374
376,1,375
377,3,376
378,3,377
379,3,378
380,2,379
381,1,380
382,3,381
383,4,382
384,3,383
385,3,384
386,1,385
387,2,386
388,2,387
389,3,388
390,2,389
391,4,390
392,3,391
393,2,392
394,4,393
395,4,394
396,3,395
397,2,396
398,3,397
399,3,398
400,1,399
401,2,400
402,1,401
403,2,402
404,2,403
405,1,404
406,2,405
407,1,406
408,4,407
409,2,408
410,3,409
411,3,410
412,3,411
413,1,412
414,2,413
415,4,414
416,3,415
417,2,416
418,4,417
419,1,418
420,2,419
421,1,420
422,4,421
423,1,422
424,3,423
425,4,424
426,2,425
427,3,426
428,4,427
429,4,428
430,1,429
431,4,430
432,1,431
433,4,432
434,2,433
435,3,434
436,2,435
437,3,436
438,4,437
439,1,438
440,4,439
441,1,440
442,1,441
443,3,442
444,2,443
445,4,444
446,4,445
447,2,446
448,4,447
449,3,448
450,3,449
451,3,450
452,2,451
453,1,452
454,1,453
455,4,454
456,2,455
457,2,456
458,3,457
459,2,458
460,2,459
461,1,460
462,4,461
463,1,462
464,2,463
465,3,464
466,3,465
467,4,466
468,1,467
469,4,468
470,1,469
471,4,470
472,2,471
473,4,472
474,2,473
475,1,474
476,1,475
477,1,476
478,2,477
479,2,478
480,1,479
481,2,480
482,2,481
483,2,482
484,2,483
485,3,484
486,3,485
487,1,486
488,3,487
489,4,488
490,1,489
491,4,490
492,2,491
493,4,492
494,2,493
495,4,494
496,3,495
497,1,496
498,3,497
499,2,498
500,1,499
501,2,500
502,2,501
503,3,502
504,3,503
505,1,504
506,4,505
507,4,506
508,4,507
509,3,508
510,1,509
511,4,510
512,2,511
513,3,512
514,3,513
515,1,514
516,1,515
517,4,516
518,1,517
519,2,518
520,2,519
521,1,520
522,3,521
523,1,522
524,3,523
525,4,524
526,2,525
527,2,526
528,3,527
529,3,528
530,4,529
531,3,530
532,1,531
533,4,532
534,3,533
535,2,534
536,2,535
537,1,536
538,1,537
539,3,538
540,1,539
541,2,540
542,3,541
543,2,542
544,4,543
545,1,544
546,3,545
547,3,546
548,3,547
549,4,548
550,1,549
551,3,550
552,2,551
553,4,552
554,3,553
555,2,554
556,2,555
557,1,556
558,4,557
559,3,558
560,2,559
561,3,560
562,4,561
563,2,562
564,4,563
565,4,564
566,2,565
567,1,566
568,3,567
569,1,568
570,4,569
571,3,570
572,1,571
573,1,572
574,2,573
575,3,574
576,4,575
577,2,576
578,2,577
579,3,578
580,1,579
581,1,580
582,2,581
583,4,582
584,1,583
585,2,584
586,1,585
587,1,586
588,2,587
589,3,588
590,2,589
591,1,590
592,1,591
593,1,592
594,3,593
595,1,594
596,1,595
597,2,596
598,4,597
599,2,598
600,1,599
601,4,600
602,1,601
603,3,602
604,3,603
605,2,604
606,4,605
607,4,606
608,2,607
609,4,608
610,1,609
611,3,610
612,3,611
613,4,612
614,3,613
615,2,614
616,4,615
617,2,616
618,3,617
619,3,618
620,3,619
621,1,620
622,1,621
623,1,622
624,1,623
625,4,624
626,2,625
627,4,626
628,3,627
629,4,628
630,2,629
631,4,630
632,2,631
633,1,632
634,4,633
635,4,634
636,3,635
637,2,636
638,4,637
639,4,638
640,3,639
641,3,640
642,2,641
643,3,642
644,1,643
645,1,644
646,2,645
647,1,646
648,3,647
649,2,648
650,2,649
651,3,650
652,3,651
653,1,652
654,1,653
655,2,654
656,4,655
657,1,656
658,3,657
659,2,658
660,2,659
661,4,660
662,1,661
663,2,662
664,4,663
665,3,664
666,3,665
667,2,666
668,1,667
669,3,668
670,2,669
671,3,670
672,1,671
673,2,672
674,2,673
675,1,674
676,1,675
677,3,676
678,3,677
679,2,678
680,2,679
681,2,680
682,1,681
683,2,682
684,4,683
685,3,684
686,2,685
687,1,686
688,3,687
689,2,688
690,3,689
691,4,690
692,3,691
693,2,692
694,2,693
695,3,694
696,2,695
697,2,696
698,3,697
699,3,698
700,4,699
701,4,700
702,1,701
703,3,702
704,1,703
705,4,704
706,2,705
707,3,706
708,4,707
709,2,708
710,1,709
711,2,710
712,4,711
713,2,712
714,1,713
715,1,714
716,2,715
717,3,716
718,3,717
719,1,718
720,2,719
721,3,720
722,3,721
723,2,722
724,4,723
725,4,724
726,3,725
727,1,726
728,4,727
729,3,728
730,4,729
731,1,730
732,2,731
733,4,732
734,3,733
735,1,734
736,3,735
737,2,736
738,2,737
739,3,738
740,2,739
741,1,740
742,1,741
743,4,742
744,4,743
745,1,744
746,2,745
747,3,746
748,2,747
749,2,748
750,4,749
751,3,750
752,1,751
753,3,752
754,3,753
755,2,754
756,3,755
757,1,756
758,3,757
759,1,758
760,2,759
761,4,760
762,3,761
763,1,762
764,3,763
765,2,764
766,2,765
767,1,766
768,4,767
769,2,768
770,2,769
771,2,770
772,1,771
773,1,772
774,2,773
775,3,774
776,1,775
777,3,776
778,4,777
779,1,778
780,3,779
781,1,780
782,3,781
783,2,782
784,3,783
785,3,784
786,4,785
787,2,786
788,2,787
789,2,788
790,1,789
791,1,790
792,1,791
793,1,792
794,3,793
795,1,794
796,2,795
797,3,796
798,4,797
799,1,798
800,1,799
801,2,800
802,4,801
803,2,802
804,1,803
805,1,804
806,3,805
807,1,806
808,2,807
809,2,808
810,1,809
811,1,810
812,3,811
813,2,812
814,2,813
815,2,814
816,4,815
817,2,816
818,1,817
819,2,818
820,3,819
821,1,820
822,2,821
823,4,822
824,3,823
825,4,824
826,2,825
827,1,826
828,3,827
829,2,828
830,3,829
831,2,830
832,4,831
833,4,832
834,2,833
835,1,834
836,3,835
837,2,836
838,4,837
839,3,838
840,1,839
841,1,840
842,1,841
843,1,842
844,2,843
845,2,844
846,2,845
847,1,846
848,3,847
849,1,848
850,4,849
851,3,850
852,4,851
853,1,852
854,3,853
855,2,854
856,3,855
857,1,856
858,1,857
859,4,858
860,2,859
861,2,860
862,2,861
863,2,862
864,1,863
865,4,864
866,3,865
867,3,866
868,2,867
869,1,868
870,4,869
871,3,870
872,2,871
873,4,872
874,1,873
875,1,874
876,2,875
877,3,876
878,3,877
879,1,878
880,1,879
881,1,880
882,3,881
883,2,882
884,4,883
885,2,884
886,4,885
887,4,886
888,3,887
889,3,888
890,4,889
891,1,890
892,4,891
893,1,892
894,1,893
895,2,894
896,1,895
897,3,896
898,2,897
899,2,898
900,3,899
901,4,900
902,2,901
903,3,902
904,4,903
905,3,904
906,4,905
907,2,906
908,3,907
909,2,908
910,1,909
911,2,910
912,2,911
913,2,912
914,2,913
915,4,914
916,1,915
917,2,916
918,3,917
919,4,918
920,2,919
921,3,920
922,1,921
923,1,922
924,2,923
925,4,924
926,2,925
927,3,926
928,4,927
929,3,928
930,1,929
931,4,930
932,1,931
933,3,932
934,4,933
935,1,934
936,3,935
937,3,936
938,4,937
939,2,938
940,2,939
941,1,940
942,1,941
943,3,942
944,2,943
945,2,944
946,2,945
947,3,946
948,2,947
949,1,948
950,2,949
951,3,950
952,3,951
953,1,952
954,1,953
955,1,954
956,3,955
957,4,956
958,3,957
959,1,958
960,2,959
961,1,960
962,3,961
963,4,962
964,2,963
965,3,964
966,2,965
967,1,966
968,3,967
969,1,968
970,1,969
971,1,970
972,3,971
973,2,972
974,3,973
975,2,974
976,4,975
977,3,976
978,1,977
979,2,978
980,4,979
981,2,980
982,1,981
983,3,982
984,1,983
985,3,984
986,1,985
987,4,986
988,1,987
989,4,988
990,4,989
991,3,990
992,2,991
993,3,992
994,3,993
995,4,994
996,1,995
997,3,996
998,3,997
999,4,998
1000,3,999
1001,4,1000
1002,1,1001
1003,1,1002
1004,3,1003
1005,4,1004
1006,1,1005
1007,2,1006
1008,3,1007
1009,3,1008
1010,1,1009
1011,3,1010
1012,2,1011
1013,3,1012
1014,2,1013
1015,2,1014
1016,4,1015
1017,2,1016
1018,3,1017
1019,1,1018
1020,1,1019
1021,2,1020
1022,2,1021
1023,3,1022
1024,1,1023
1025,2,1024
1026,2,1025
1027,4,1026
1028,2,1027
1029,3,1028
1030,1,1029
1031,4,1030
1032,2,1031
1033,2,1032
1034,4,1033
1035,2,1034
1036,4,1035
1037,2,1036
1038,3,1037
1039,2,1038
1040,1,1039
1041,4,1040
1042,3,1041
1043,1,1042
1044,4,1043
1045,3,1044
1046,2,1045
1047,3,1046
1048,2,1047
1049,3,1048
1050,2,1049
1051,1,1050
1052,4,1051
1053,4,1052
1054,4,1053
1055,2,1054
1056,2,1055
1057,2,1056
1058,4,1057
1059,3,1058
1060,1,1059
1061,3,1060
1062,4,1061
1063,4,1062
1064,3,1063
1065,1,1064
1066,3,1065
1067,3,1066
1068,2,1067
1069,1,1068
1070,4,1069
1071,4,1070
1072,1,1071
1073,2,1072
1074,4,1073
1075,4,1074
1076,2,1075
1077,1,1076
1078,3,1077
1079,1,1078
1080,4,1079
1081,2,1080
1082,1,1081
1083,3,1082
1084,4,1083
1085,1,1084
1086,4,1085
1087,3,1086
1088,1,1087
1089,1,1088
1090,2,1089
1091,3,1090
1092,2,1091
1093,3,1092
1094,4,1093
1095,2,1094
1096,2,1095
1097,1,1096
1098,3,1097
1099,4,1098
1100,2,1099
1101,1,1100
1102,1,1101
1103,1,1102
1104,4,1103
1105,2,1104
1106,1,1105
1107,4,1106
1108,4,1107
1109,3,1108
1110,2,1109
1111,4,1110
1112,2,1111
1113,3,1112
1114,3,1113
1115,4,1114
1116,4,1115
1117,1,1116
1118,3,1117
1119,4,1118
1120,4,1119
1121,4,1120
1122,3,1121
1123,2,1122
1124,4,1123
1125,1,1124
1126,2,1125
1127,3,1126
1128,1,1127
1129,3,1128
1130,3,1129
1131,3,1130
1132,2,1131
1133,4,1132
1134,2,1133
1135,3,1134
1136,4,1135
1137,4,1136
1138,2,1137
1139,2,1138
1140,4,1139
1141,3,1140
1142,1,1141
1143,4,1142
1144,3,1143
1145,1,1144
1146,4,1145
1147,3,1146
1148,1,1147
1149,4,1148
1150,1,1149
1151,2,1150
1152,1,1151
1153,4,1152
1154,3,1153
1155,3,1154
1156,4,1155
1157,4,1156
1158,3,1157
1159,3,1158
1160,4,1159
1161,1,1160
1162,3,1161
1163,3,1162
1164,3,1163
1165,2,1164
1166,3,1165
1167,4,1166
1168,4,1167
1169,3,1168
1170,2,1169
1171,1,1170
1172,3,1171
1173,2,1172
1174,1,1173
1175,4,1174
1176,3,1175
1177,2,1176
1178,1,1177
1179,3,1178
1180,1,1179
1181,2,1180
1182,4,1181
1183,2,1182
1184,1,1183
1185,4,1184
1186,1,1185
1187,4,1186
1188,4,1187
1189,1,1188
1190,2,1189
1191,1,1190
1192,2,1191
1193,3,1192
1194,1,1193
1195,3,1194
1196,4,1195
1197,3,1196
1198,4,1197
1199,1,1198
1200,1,1199
1201,3,1200
1202,1,1201
1203,1,1202
1204,4,1203
1205,2,1204
1206,2,1205
1207,3,1206
1208,2,1207
1209,2,1208
1210,2,1209
1211,3,1210
1212,3,1211
1213,2,1212
1214,4,1213
1215,2,1214
1216,1,1215
1217,1,1216
1218,2,1217
1219,2,1218
1220,4,1219
1221,4,1220
1222,1,1221
1223,1,1222
1224,4,1223
1225,4,1224
1226,4,1225
1227,3,1226
1228,4,1227
1229,2,1228
1230,2,1229
1231,2,1230
1232,4,1231
1233,2,1232
1234,1,1233
1235,1,1234
1236,3,1235
1237,3,1236
1238,4,1237
1239,4,1238
1240,3,1239
1241,4,1240
1242,2,1241
1243,3,1242
1244,1,1243
1245,3,1244
1246,1,1245
1247,2,1246
1248,2,1247
1249,3,1248
1250,3,1249
1251,2,1250
1252,2,1251
1253,3,1252
1254,4,1253
1255,1,1254
1256,2,1255
1257,1,1256
1258,2,1257
1259,2,1258
1260,3,1259
1261,2,1260
1262,1,1261
1263,1,1262
1264,4,1263
1265,2,1264
1266,4,1265
1267,4,1266
1268,1,1267
1269,4,1268
1270,1,1269
1271,4,1270
1272,2,1271
1273,1,1272
1274,1,1273
1275,4,1274
1276,1,1275
1277,3,1276
1278,2,1277
1279,1,1278
1280,4,1279
1281,1,1280
1282,3,1281
1283,1,1282
1284,2,1283
1285,3,1284
1286,1,1285
1287,2,1286
1288,4,1287
1289,3,1288
1290,2,1289
1291,4,1290
1292,2,1291
1293,1,1292
1294,3,1293
1295,2,1294
1296,1,1295
1297,2,1296
1298,2,1297
1299,1,1298
1300,4,1299
1301,1,1300
1302,1,1301
1303,3,1302
1304,2,1303
1305,3,1304
1306,1,1305
1307,4,1306
1308,1,1307
1309,4,1308
1310,2,1309
1311,1,1310
1312,3,1311
1313,2,1312
1314,4,1313
1315,4,1314
1316,4,1315
1317,3,1316
1318,4,1317
1319,4,1318
1320,4,1319
1321,4,1320
1322,1,1321
1323,2,1322
1324,2,1323
1325,1,1324
1326,4,1325
1327,2,1326
1328,3,1327
1329,3,1328
1330,2,1329
1331,2,1330
1332,1,1331
1333,2,1332
1334,4,1333
1335,4,1334
1336,4,1335
1337,2,1336
1338,1,1337
1339,2,1338
1340,1,1339
1341,1,1340
1342,1,1341
1343,3,1342
1344,3,1343
1345,3,1344
1346,3,1345
1347,2,1346
1348,4,1347
1349,4,1348
1350,1,1349
1351,2,1350
1352,4,1351
1353,4,1352
1354,1,1353
1355,4,1354
1356,2,1355
1357,4,1356
1358,2,1357
1359,2,1358
1360,2,1359
1361,1,1360
1362,1,1361
1363,2,1362
1364,4,1363
1365,3,1364
1366,2,1365
1367,2,1366
1368,3,1367
1369,2,1368
1370,2,1369
1371,2,1370
1372,3,1371
1373,1,1372
1374,1,1373
1375,1,1374
1376,2,1375
1377,3,1376
1378,3,1377
1379,3,1378
1380,2,1379
1381,3,1380
1382,3,1381
1383,2,1382
1384,1,1383
1385,2,1384
1386,4,1385
1387,3,1386
1388,2,1387
1389,2,1388
1390,4,1389
1391,4,1390
1392,4,1391
1393,4,1392
1394,2,1393
1395,3,1394
1396,3,1395
1397,2,1396
1398,4,1397
1399,4,1398
1400,2,1399
1401,4,1400
1402,1,1401
1403,3,1402
1404,3,1403
1405,4,1404
1406,3,1405
1407,1,1406
1408,3,1407
1409,3,1408
1410,4,1409
1411,1,1410
1412,2,1411
1413,3,1412
1414,1,1413
1415,2,1414
1416,4,1415
1417,1,1416
1418,3,1417
1419,1,1418
1420,2,1419
1421,4,1420
1422,4,1421
1423,1,1422
1424,3,1423
1425,1,1424
1426,4,1425
1427,4,1426
1428,1,1427
1429,3,1428
1430,4,1429
1431,1,1430
1432,3,1431
1433,1,1432
1434,4,1433
1435,1,1434
1436,1,1435
1437,4,1436
1438,1,1437
1439,2,1438
1440,3,1439
1441,3,1440
1442,2,1441
1443,2,1442
1444,4,1443
1445,2,1444
1446,2,1445
1447,1,1446
1448,4,1447
1449,3,1448
1450,3,1449
1451,1,1450
1452,2,1451
1453,4,1452
1454,4,1453
1455,1,1454
1456,2,1455
1457,4,1456
1458,2,1457
1459,2,1458
1460,4,1459
1461,3,1460
1462,4,1461
1463,1,1462
1464,2,1463
1465,3,1464
1466,2,1465
1467,4,1466
1468,4,1467
1469,4,1468
1470,3,1469
1471,2,1470
1472,3,1471
1473,2,1472
1474,4,1473
1475,4,1474
1476,1,1475
1477,4,1476
1478,1,1477
1479,4,1478
1480,3,1479
1481,4,1480
1482,3,1481
1483,4,1482
1484,1,1483
1485,3,1484
1486,2,1485
1487,4,1486
1488,3,1487
1489,3,1488
1490,4,1489
1491,2,1490
1492,1,1491
1493,2,1492
1494,3,1493
1495,1,1494
1496,3,1495
1497,2,1496
1498,2,1497
1499,1,1498
1500,4,1499
1501,3,1500
1502,4,1501
1503,3,1502
1504,1,1503
1505,3,1504
1506,4,1505
1507,2,1506
1508,2,1507
1509,2,1508
1510,2,1509
1511,4,1510
1512,4,1511
1513,4,1512
1514,4,1513
1515,1,1514
1516,2,1515
1517,1,1516
1518,4,1517
1519,4,1518
1520,1,1519
1521,1,1520
1522,3,1521
1523,4,1522
1524,3,1523
1525,3,1524
1526,4,1525
1527,4,1526
1528,4,1527
1529,2,1528
1530,1,1529
1531,4,1530
1532,4,1531
1533,3,1532
1534,2,1533
1535,3,1534
1536,2,1535
1537,2,1536
1538,3,1537
1539,2,1538
1540,2,1539
1541,4,1540
1542,2,1541
1543,2,1542
1544,3,1543
1545,3,1544
1546,2,1545
1547,1,1546
1548,2,1547
1549,1,1548
1550,3,1549
1551,4,1550
1552,2,1551
1553,2,1552
1554,4,1553
1555,3,1554
1556,4,1555
1557,2,1556
1558,4,1557
1559,2,1558
1560,2,1559
1561,4,1560
1562,1,1561
1563,1,1562
1564,3,1563
1565,1,1564
1566,2,1565
1567,2,1566
1568,1,1567
1569,1,1568
1570,2,1569
1571,2,1570
1572,4,1571
1573,3,1572
1574,4,1573
1575,4,1574
1576,2,1575
1577,1,1576
1578,2,1577
1579,4,1578
1580,4,1579
1581,2,1580
1582,1,1581
1583,3,1582
1584,1,1583
1585,4,1584
1586,1,1585
1587,1,1586
1588,1,1587
1589,2,1588
1590,1,1589
1591,1,1590
1592,3,1591
1593,2,1592
1594,1,1593
1595,2,1594
1596,1,1595
1597,3,1596
1598,3,1597
1599,2,1598
1600,1,1599
1601,1,1600
1602,1,1601
1603,4,1602
1604,3,1603
1605,2,1604
1606,2,1605
